{"cameraMode":{"drawMode":0,"name":"Shaded","section":"Shading Mode"},"sceneLighting":true,"audioPlay":false,"sceneViewState":{"showFog":true,"showMaterialUpdate":true,"showSkybox":true,"showFlares":true,"showImageEffects":true,"showParticleSystems":true},"in2DMode":false,"pivot":{"x":-11.177248001098633,"y":2.690722703933716,"z":3.3147902488708498},"rotation":{"x":-0.10657458752393723,"y":0.024454833939671518,"z":-0.00262193544767797,"w":-0.9940015077590942},"size":10.549501419067383,"orthographic":false}