{"cameraMode":{"drawMode":0,"name":"Shaded","section":"Shading Mode"},"sceneLighting":false,"audioPlay":false,"sceneViewState":{"showFog":true,"showMaterialUpdate":true,"showSkybox":false,"showFlares":true,"showImageEffects":true,"showParticleSystems":true},"in2DMode":false,"pivot":{"x":-6.83978271484375,"y":2.421447992324829,"z":-1.2604187726974488},"rotation":{"x":-0.045283280313014987,"y":-0.021878305822610856,"z":0.000992271234281361,"w":-0.9987356662750244},"size":8.658585548400879,"orthographic":false}