{"cameraMode":{"drawMode":0,"name":"Shaded","section":"Shading Mode"},"sceneLighting":false,"audioPlay":false,"sceneViewState":{"showFog":true,"showMaterialUpdate":true,"showSkybox":false,"showFlares":true,"showImageEffects":true,"showParticleSystems":true},"in2DMode":false,"pivot":{"x":-0.28849175572395327,"y":0.875058114528656,"z":0.16899651288986207},"rotation":{"x":-0.34053707122802737,"y":0.213667094707489,"z":-0.07976938784122467,"w":-0.912149965763092},"size":5.720919609069824,"orthographic":false}