{"cameraMode":{"drawMode":0,"name":"Shaded","section":"Shading Mode"},"sceneLighting":false,"audioPlay":false,"sceneViewState":{"showFog":true,"showMaterialUpdate":true,"showSkybox":false,"showFlares":true,"showImageEffects":true,"showParticleSystems":true},"in2DMode":false,"pivot":{"x":0.09978931397199631,"y":0.3625337779521942,"z":0.33521580696105959},"rotation":{"x":0.11099770665168762,"y":0.02623017691075802,"z":-0.0029313825070858,"w":0.9934706687927246},"size":2.177316904067993,"orthographic":false}