{"cameraMode":{"drawMode":0,"name":"Shaded","section":"Shading Mode"},"sceneLighting":false,"audioPlay":false,"sceneViewState":{"showFog":true,"showMaterialUpdate":true,"showSkybox":false,"showFlares":true,"showImageEffects":true,"showParticleSystems":true},"in2DMode":false,"pivot":{"x":-2.4524269104003908,"y":1.5497263669967652,"z":0.6238887310028076},"rotation":{"x":-0.133403480052948,"y":-0.7338821887969971,"z":0.1509135663509369,"w":-0.6487379670143127},"size":3.390230178833008,"orthographic":false}