{"cameraMode":{"drawMode":0,"name":"Shaded","section":"Shading Mode"},"sceneLighting":false,"audioPlay":false,"sceneViewState":{"showFog":true,"showMaterialUpdate":true,"showSkybox":false,"showFlares":true,"showImageEffects":true,"showParticleSystems":true},"in2DMode":false,"pivot":{"x":-0.7131748795509338,"y":0.7223913669586182,"z":0.0},"rotation":{"x":-0.04103969782590866,"y":-0.9548667073249817,"z":0.15783052146434785,"w":-0.2482914924621582},"size":3.390230178833008,"orthographic":false}