{"cameraMode":{"drawMode":0,"name":"Shaded","section":"Shading Mode"},"sceneLighting":false,"audioPlay":false,"sceneViewState":{"showFog":true,"showMaterialUpdate":true,"showSkybox":false,"showFlares":true,"showImageEffects":true,"showParticleSystems":true},"in2DMode":false,"pivot":{"x":0.8315044641494751,"y":1.5148247480392457,"z":0.14660347998142243},"rotation":{"x":-0.13332727551460267,"y":-0.03507925942540169,"z":0.004722083453088999,"w":-0.9904429912567139},"size":8.70229721069336,"orthographic":false}