{"cameraMode":{"drawMode":0,"name":"Shaded","section":"Shading Mode"},"sceneLighting":false,"audioPlay":false,"sceneViewState":{"showFog":true,"showMaterialUpdate":false,"showSkybox":false,"showFlares":true,"showImageEffects":true,"showParticleSystems":true},"in2DMode":false,"pivot":{"x":-2.4323925971984865,"y":1.7348569631576539,"z":-0.44879353046417239},"rotation":{"x":-0.2384468913078308,"y":0.7515438199043274,"z":-0.49973514676094057,"w":-0.3585975468158722},"size":17.149898529052736,"orthographic":false}