{"cameraMode":{"drawMode":0,"name":"Shaded","section":"Shading Mode"},"sceneLighting":false,"audioPlay":false,"sceneViewState":{"showFog":true,"showMaterialUpdate":true,"showSkybox":false,"showFlares":true,"showImageEffects":true,"showParticleSystems":true},"in2DMode":false,"pivot":{"x":-3.740000009536743,"y":0.009999990463256836,"z":-5.429999828338623},"rotation":{"x":-0.12150467187166214,"y":0.00803711824119091,"z":-0.0009838930564001203,"w":-0.9925581812858582},"size":10.228509902954102,"orthographic":false}