{"cameraMode":{"drawMode":0,"name":"Shaded","section":"Shading Mode"},"sceneLighting":false,"audioPlay":false,"sceneViewState":{"showFog":true,"showMaterialUpdate":true,"showSkybox":false,"showFlares":true,"showImageEffects":true,"showParticleSystems":true},"in2DMode":false,"pivot":{"x":-2.1786916255950929,"y":3.242276668548584,"z":7.553887367248535},"rotation":{"x":-0.08930180966854096,"y":-0.5910283327102661,"z":0.06606016308069229,"w":-0.7989667654037476},"size":10.403535842895508,"orthographic":false}