{"cameraMode":{"drawMode":0,"name":"Shaded","section":"Shading Mode"},"sceneLighting":true,"audioPlay":false,"sceneViewState":{"showFog":true,"showMaterialUpdate":true,"showSkybox":true,"showFlares":true,"showImageEffects":true,"showParticleSystems":true},"in2DMode":false,"pivot":{"x":0.7191464900970459,"y":1.577561616897583,"z":6.1810760498046879},"rotation":{"x":-0.2188069224357605,"y":0.043012585490942,"z":-0.00965507235378027,"w":-0.9747722744941711},"size":22.0,"orthographic":false}