{"cameraMode":{"drawMode":0,"name":"Shaded","section":"Shading Mode"},"sceneLighting":false,"audioPlay":false,"sceneViewState":{"showFog":true,"showMaterialUpdate":true,"showSkybox":false,"showFlares":true,"showImageEffects":true,"showParticleSystems":true},"in2DMode":false,"pivot":{"x":0.06539949774742127,"y":0.632001519203186,"z":-0.041740018874406818},"rotation":{"x":-0.13332727551460267,"y":-0.03507925942540169,"z":0.004722083453088999,"w":-0.9904429912567139},"size":3.579317569732666,"orthographic":false}