{"cameraMode":{"drawMode":0,"name":"Shaded","section":"Shading Mode"},"sceneLighting":false,"audioPlay":false,"sceneViewState":{"showFog":true,"showMaterialUpdate":true,"showSkybox":false,"showFlares":true,"showImageEffects":true,"showParticleSystems":true},"in2DMode":false,"pivot":{"x":-0.1287059783935547,"y":0.8706938624382019,"z":-0.8351896405220032},"rotation":{"x":-0.06004808843135834,"y":-0.6557173728942871,"z":0.052443522959947589,"w":-0.7507944703102112},"size":3.140491485595703,"orthographic":false}