{"cameraMode":{"drawMode":0,"name":"Shaded","section":"Shading Mode"},"sceneLighting":true,"audioPlay":false,"sceneViewState":{"showFog":true,"showMaterialUpdate":true,"showSkybox":true,"showFlares":true,"showImageEffects":true,"showParticleSystems":true},"in2DMode":false,"pivot":{"x":-2.7433717250823976,"y":5.640069961547852,"z":0.41971397399902346},"rotation":{"x":0.01978379674255848,"y":-0.049774449318647388,"z":0.0009862075094133616,"w":0.9985654950141907},"size":33.783775329589847,"orthographic":false}