{"cameraMode":{"drawMode":0,"name":"Shaded","section":"Shading Mode"},"sceneLighting":false,"audioPlay":false,"sceneViewState":{"showFog":true,"showMaterialUpdate":true,"showSkybox":false,"showFlares":true,"showImageEffects":true,"showParticleSystems":true},"in2DMode":false,"pivot":{"x":-0.41184306144714358,"y":0.34713810682296755,"z":-0.2171095609664917},"rotation":{"x":-0.04103969782590866,"y":-0.9548667073249817,"z":0.15783052146434785,"w":-0.2482914924621582},"size":2.343980312347412,"orthographic":false}