{"cameraMode":{"drawMode":0,"name":"Shaded","section":"Shading Mode"},"sceneLighting":false,"audioPlay":false,"sceneViewState":{"showFog":true,"showMaterialUpdate":true,"showSkybox":false,"showFlares":true,"showImageEffects":true,"showParticleSystems":true},"in2DMode":false,"pivot":{"x":-0.09399998188018799,"y":0.1210000067949295,"z":-2.384000062942505},"rotation":{"x":-0.11101791262626648,"y":0.033382732421159747,"z":-0.003745125839486718,"w":-0.9932641386985779},"size":1.4431607723236085,"orthographic":false}