{"cameraMode":{"drawMode":0,"name":"Shaded","section":"Shading Mode"},"sceneLighting":false,"audioPlay":false,"sceneViewState":{"showFog":true,"showMaterialUpdate":false,"showSkybox":false,"showFlares":true,"showImageEffects":true,"showParticleSystems":true},"in2DMode":false,"pivot":{"x":2.748689651489258,"y":2.4797887802124025,"z":1.8109502792358399},"rotation":{"x":-0.20419150590896607,"y":0.7628678679466248,"z":-0.2874150574207306,"w":-0.5419725775718689},"size":3.2573654651641847,"orthographic":false}