{"cameraMode":{"drawMode":0,"name":"Shaded","section":"Shading Mode"},"sceneLighting":false,"audioPlay":false,"sceneViewState":{"showFog":true,"showMaterialUpdate":true,"showSkybox":false,"showFlares":true,"showImageEffects":true,"showParticleSystems":true},"in2DMode":false,"pivot":{"x":-0.29525089263916018,"y":0.5241386890411377,"z":-0.1618858426809311},"rotation":{"x":-0.024089079350233079,"y":-0.9574305415153503,"z":0.08380565047264099,"w":-0.27520298957824709},"size":2.224642038345337,"orthographic":false}