{"cameraMode":{"drawMode":0,"name":"Shaded","section":"Shading Mode"},"sceneLighting":false,"audioPlay":false,"sceneViewState":{"showFog":true,"showMaterialUpdate":true,"showSkybox":false,"showFlares":true,"showImageEffects":true,"showParticleSystems":true},"in2DMode":false,"pivot":{"x":-0.24297524988651277,"y":-0.4663159251213074,"z":0.3949902057647705},"rotation":{"x":-0.23139376938343049,"y":0.5027475357055664,"z":-0.14176493883132935,"w":-0.8207523822784424},"size":3.8964545726776125,"orthographic":false}